finess;region;score_all_rea_ajust;taux_reco_brut
010780054;Auvergne-Rhône-Alpes;73.94;55.5
010780062;Auvergne-Rhône-Alpes;70.93;47.6
010780096;Auvergne-Rhône-Alpes;;
010008407;Auvergne-Rhône-Alpes;75.05;41.7
010780195;Auvergne-Rhône-Alpes;73.16;54
010780203;Auvergne-Rhône-Alpes;71.54;43.3
020000022;Hauts de France;;
020000063;Hauts de France;69.43;41.8
020000360;Hauts de France;77.69;82.7
020000253;Hauts de France;71.39;38.4
020000261;Hauts de France;71.07;44.6
020000287;Hauts de France;;
020004404;Hauts de France;69.43;42.6
020004495;Hauts de France;;
020010047;Hauts de France;76.31;58.8
030780092;Auvergne-Rhône-Alpes;72.68;52.6
030780100;Auvergne-Rhône-Alpes;72.02;42.4
030780118;Auvergne-Rhône-Alpes;70.98;42.9
030780548;Auvergne-Rhône-Alpes;75.63;54.9
030781116;Auvergne-Rhône-Alpes;76.04;50
030785430;Auvergne-Rhône-Alpes;78.27;70.7
040780215;PACA;74.99;57.7
050002948;PACA;;
040788879;PACA;75.49;60.7
040780470;PACA;81.51;80
050000090;PACA;78.5;67.9
050000116;PACA;73.39;62.3
050002948;PACA;71.29;46.1
060780897;PACA;74.44;66.9
060780905;PACA;;
060780954;PACA;70.81;51.4
060000528;PACA;76.25;71.3
060780988;PACA;71.07;54.4
060791761;PACA;72.1;43.3
060021417;PACA;76.25;64.9
060780442;PACA;;
060780491;PACA;73.37;59.9
060780517;PACA;75.68;65
060780590;PACA;76.14;60.4
060780715;PACA;72.68;56.6
060780723;PACA;74.26;49.5
060780756;PACA;71.53;54.3
060780947;PACA;69.59;58.9
060781200;PACA;74.23;30.6
060785011;PACA;73.42;56.2
060785011;PACA;;
060785011;PACA;71.32;54.2
060794013;PACA;76.91;78.3
060800166;PACA;73.97;65.8
070002878;Auvergne-Rhône-Alpes;;
070780358;Auvergne-Rhône-Alpes;71.29;42.3
070780374;Auvergne-Rhône-Alpes;;
070005566;Auvergne-Rhône-Alpes;;
070005566;Auvergne-Rhône-Alpes;71.21;42.9
070780168;Auvergne-Rhône-Alpes;79.05;57.4
070780424;Auvergne-Rhône-Alpes;74.61;58.4
080011174;Grand Est;;
080001969;Grand Est;;
080011174;Grand Est;71.98;58.5
080010473;Grand Est;;
090781774;Occitanie;74.35;55.8
090781816;Occitanie;75.97;66.2
090781774;Occitanie;;
100000082;Grand Est;;
100000017;Grand Est;71.15;45.4
100000124;Grand Est;75.85;67.2
100006279;Grand Est;72.68;53.8
100010818;Grand Est;70.84;48.9
110780061;Occitanie;72.56;46.3
110780137;Occitanie;68.96;30
110780228;Occitanie;72.64;42.5
110780483;Occitanie;76.53;56.9
120780044;Occitanie;70.09;41.1
120780069;Occitanie;76.17;66.7
120780085;Occitanie;;
120004528;Occitanie;;
120004619;Occitanie;79.03;69.6
130041916;PACA;67.64;46
130781446;PACA;69.88;49.4
130782634;PACA;68.35;40
130001647;PACA;77.02;79.5
130785512;PACA;74.07;68.2
130789274;PACA;70.74;46.2
130789316;PACA;;
130008253;PACA;75.35;61.1
130037922;PACA;78.72;55.9
130041767;PACA;76.14;74.5
130042096;PACA;71.25;58.6
130043664;PACA;76.48;68.3
130044753;PACA;;
130786049;PACA;68.85;43.8
130781370;PACA;70.56;43.6
130781479;PACA;71.17;45.9
130781867;PACA;79.08;79.7
130782071;PACA;71.33;45.2
130782147;PACA;69.79;42.1
130782162;PACA;76.6;58.7
130782675;PACA;80.13;63.8
130786049;PACA;70.46;48.3
130786049;PACA;67.1;43.8
130783327;PACA;72.35;51.2
130783665;PACA;;
130783723;PACA;77.24;70.4
130784051;PACA;71.71;58.9
130786049;PACA;73.25;56.7
130784713;PACA;71.6;55.1
130784903;PACA;83.56;67.8
130785389;PACA;76.5;60.5
130785652;PACA;72.01;57.9
130785678;PACA;73.68;39.1
130786361;PACA;75.15;66.3
130786445;PACA;76.51;73.3
130786742;PACA;74.59;66
130789159;PACA;;
130786049;PACA;67.18;41.1
130810740;PACA;75.37;59
140000035;Normandie;70.77;37.4
140000100;Normandie;71.73;49.3
140000118;Normandie;74.49;58.3
140000290;Normandie;76.66;59.7
140000159;Normandie;;
140000555;Normandie;78.7;83.1
140002452;Normandie;;
140000100;Normandie;;
140016759;Normandie;73.72;59.6
140017237;Normandie;76.42;68.5
140018730;Normandie;78.22;67.6
140000092;Normandie;;
140026279;Normandie;;
140026709;Normandie;76.8;65.3
150780088;Auvergne-Rhône-Alpes;;
150780096;Auvergne-Rhône-Alpes;69.6;38.9
150780468;Auvergne-Rhône-Alpes;;
150780732;Auvergne-Rhône-Alpes;77.79;67.1
160000170;Nouvelle Aquitaine;73;53.3
160000451;Nouvelle Aquitaine;72.3;46.8
160000279;Nouvelle Aquitaine;73.69;50.9
160006037;Nouvelle Aquitaine;;
160000485;Nouvelle Aquitaine;;
160000493;Nouvelle Aquitaine;;
160013207;Nouvelle Aquitaine;76.69;67.5
160014411;Nouvelle Aquitaine;73.16;48.8
170780050;Nouvelle Aquitaine;;
170024194;Nouvelle Aquitaine;71.73;48.1
170780167;Nouvelle Aquitaine;;
170780175;Nouvelle Aquitaine;72.35;48.5
170780191;Nouvelle Aquitaine;;
170780225;Nouvelle Aquitaine;74.75;56.6
170780563;Nouvelle Aquitaine;77.51;72.4
170780613;Nouvelle Aquitaine;77.14;65.2
170780621;Nouvelle Aquitaine;;
170780647;Nouvelle Aquitaine;82.02;82.4
170780662;Nouvelle Aquitaine;76.81;64.7
180000028;Centre-Val de Loire;71.45;51.4
180000051;Centre-Val de Loire;75.17;63.8
180000069;Centre-Val de Loire;;
180004145;Centre-Val de Loire;76.32;66
180010209;Centre-Val de Loire;82.06;87.1
190000042;Nouvelle Aquitaine;70.78;44.2
190000059;Nouvelle Aquitaine;73.85;50.9
190000075;Nouvelle Aquitaine;71.81;54.5
190000224;Nouvelle Aquitaine;75.67;57.8
190000257;Nouvelle Aquitaine;81.87;61.8
210011847;Bourgogne-Franche-Comté;76.43;45.3
210012670;Bourgogne-Franche-Comté;73.93;55.2
210780789;Bourgogne-Franche-Comté;77.26;69.2
210780581;Bourgogne-Franche-Comté;72.83;60.6
210012175;Bourgogne-Franche-Comté;;
210012175;Bourgogne-Franche-Comté;74.71;59.4
210012142;Bourgogne-Franche-Comté;;
210012142;Bourgogne-Franche-Comté;;
210012142;Bourgogne-Franche-Comté;;
210780706;Bourgogne-Franche-Comté;73.44;54.3
210987731;Bourgogne-Franche-Comté;80.43;82.4
220000020;Bretagne;74.43;56.1
220000046;Bretagne;72.6;50.5
220000111;Bretagne;78.76;75.5
220000079;Bretagne;78.13;76.1
220000103;Bretagne;72.1;42.9
220000152;Bretagne;;
220005599;Bretagne;78.46;56.9
220022800;Bretagne;78.64;72.1
230780041;Nouvelle Aquitaine;72.15;53.2
230780082;Nouvelle Aquitaine;;
230780157;Nouvelle Aquitaine;77.42;69.9
240000190;Nouvelle Aquitaine;76.49;52.6
240000208;Nouvelle Aquitaine;75.78;63.8
240000216;Nouvelle Aquitaine;82.14;87.9
240000059;Nouvelle Aquitaine;;
240000117;Nouvelle Aquitaine;70.44;45.3
240000448;Nouvelle Aquitaine;;
250000270;Bourgogne-Franche-Comté;76.21;66.6
250000221;Bourgogne-Franche-Comté;;
250000452;Bourgogne-Franche-Comté;74.17;55.8
900000365;Bourgogne-Franche-Comté;;
250000015;Bourgogne-Franche-Comté;71.81;54.4
250011848;Bourgogne-Franche-Comté;76.63;62.7
260000021;Auvergne-Rhône-Alpes;72.18;54.3
260016910;Auvergne-Rhône-Alpes;71.68;49.2
260000047;Auvergne-Rhône-Alpes;74.63;56.4
260000054;Auvergne-Rhône-Alpes;;
260016910;Auvergne-Rhône-Alpes;;
260000088;Auvergne-Rhône-Alpes;;
260000260;Auvergne-Rhône-Alpes;78.4;64.1
260000104;Auvergne-Rhône-Alpes;;
260003017;Auvergne-Rhône-Alpes;77;58
260006267;Auvergne-Rhône-Alpes;;
270000060;Normandie;66.09;36.7
270000326;Normandie;74.79;62.8
270023724;Normandie;72.37;48.5
270000086;Normandie;73.64;55.1
760024042;Normandie;;
270000102;Normandie;;
270000110;Normandie;;
270023724;Normandie;71.38;49.5
270000862;Normandie;70.09;47.1
280000183;Centre-Val de Loire;69.25;39.8
280000225;Centre-Val de Loire;;
280000449;Centre-Val de Loire;;
280500075;Centre-Val de Loire;;
280000589;Centre-Val de Loire;;
280000134;Centre-Val de Loire;72.69;46.2
280505777;Centre-Val de Loire;74.71;52.3
290020700;Bretagne;73.52;50.2
290021542;Bretagne;73.87;45.5
290000017;Bretagne;73.28;58.2
290020700;Bretagne;;
290000140;Bretagne;77.76;62.2
290000041;Bretagne;78.14;74.6
290000074;Bretagne;;
290000207;Bretagne;80.22;74.6
290000215;Bretagne;78.27;77.5
290000017;Bretagne;75.6;55.2
290000116;Bretagne;;
290000728;Bretagne;;
290000785;Bretagne;73.2;57
560005746;Bretagne;72.5;43.1
290000975;Bretagne;;
290004142;Bretagne;77.04;65
290000017;Bretagne;72.66;56.4
290000017;Bretagne;;
290019777;Bretagne;74.98;56.1
290023431;Bretagne;78.98;78.1
2A0000014;Corse;65.13;30.9
2A0000139;Corse;71.83;56
2A0000154;Corse;70.89;39.5
2B0000020;Corse;70.51;55.9
2B0000079;Corse;;
2B0000145;Corse;75.78;67.6
2B0000392;Corse;;
300780046;Occitanie;69.05;35.4
300780053;Occitanie;72.61;47.3
300017209;Occitanie;;
300780137;Occitanie;71.58;48.8
300780152;Occitanie;73.06;62
300781465;Occitanie;74.17;48.4
300780038;Occitanie;73.06;59.6
300788502;Occitanie;73.97;51.6
310780671;Occitanie;78.65;63.6
310780671;Occitanie;74.38;54.5
310781406;Occitanie;72.05;59.2
310781406;Occitanie;76.95;65.1
310021571;Occitanie;;
310781406;Occitanie;;
310781406;Occitanie;80.25;76.4
310026083;Occitanie;74.39;58.3
310026927;Occitanie;74.06;50.8
310780150;Occitanie;79.76;76.3
310780259;Occitanie;76.7;73.3
310780283;Occitanie;74.43;53.6
310780382;Occitanie;71.73;44.4
310781000;Occitanie;74.55;48.4
310781067;Occitanie;73.25;69.4
310781505;Occitanie;72.94;53.4
310781695;Occitanie;;
310782016;Occitanie;;
310782347;Occitanie;81.86;81.7
310781406;Occitanie;75.15;65.5
310781406;Occitanie;74.07;63.9
320780117;Occitanie;72.37;58.3
320780067;Occitanie;;
330000217;Nouvelle Aquitaine;;
330000332;Nouvelle Aquitaine;75.98;67.5
330000340;Nouvelle Aquitaine;74.33;64.7
330781204;Nouvelle Aquitaine;73.41;56.8
330781220;Nouvelle Aquitaine;69.28;32.1
330027509;Nouvelle Aquitaine;;
330781253;Nouvelle Aquitaine;72.72;53.1
330781261;Nouvelle Aquitaine;;
330000662;Nouvelle Aquitaine;78.44;83.1
330060658;Nouvelle Aquitaine;79.09;75.9
330780040;Nouvelle Aquitaine;79.5;71.9
330780081;Nouvelle Aquitaine;74.66;65.1
330780115;Nouvelle Aquitaine;75.76;56.1
330780206;Nouvelle Aquitaine;77.32;66.9
330780263;Nouvelle Aquitaine;73.54;58.8
330780271;Nouvelle Aquitaine;82.21;83.5
330780354;Nouvelle Aquitaine;74.55;43.2
330780479;Nouvelle Aquitaine;73.81;56.2
330780495;Nouvelle Aquitaine;69.17;32.5
330780503;Nouvelle Aquitaine;77.66;66.5
330780511;Nouvelle Aquitaine;79.48;71.4
330780529;Nouvelle Aquitaine;75.16;67.8
330780537;Nouvelle Aquitaine;76.09;60.9
330781196;Nouvelle Aquitaine;;
330781196;Nouvelle Aquitaine;75.23;60.2
330781196;Nouvelle Aquitaine;73.12;61.8
330781402;Nouvelle Aquitaine;75.7;53.6
330782582;Nouvelle Aquitaine;75.86;57.7
330781196;Nouvelle Aquitaine;75.72;73.7
330781196;Nouvelle Aquitaine;;
340780055;Occitanie;71.47;53.5
340000207;Occitanie;80.55;83.3
340011295;Occitanie;73.23;42.9
340780535;Occitanie;;
340780477;Occitanie;;
340009885;Occitanie;74.46;54
340015502;Occitanie;74.85;67.4
340015965;Occitanie;78.3;72.8
340022979;Occitanie;72.34;55.8
340780139;Occitanie;80.12;81
340780147;Occitanie;;
340780154;Occitanie;70.61;47.5
340011295;Occitanie;;
340780568;Occitanie;;
340780634;Occitanie;75.8;58.1
340780642;Occitanie;;
340780667;Occitanie;73.81;58.6
340780675;Occitanie;73.55;59
340780717;Occitanie;72.37;62
340780725;Occitanie;74.22;67.6
340780741;Occitanie;78.25;76.9
340781608;Occitanie;73.85;38.8
340780477;Occitanie;71.13;53
340780477;Occitanie;73.58;62.5
340780477;Occitanie;72.39;53.5
340780477;Occitanie;71.44;59
350000063;Bretagne;;
350000121;Bretagne;75.55;60.2
350000139;Bretagne;77.04;74.7
350000022;Bretagne;71.84;48.5
350000030;Bretagne;75.12;60.8
350000048;Bretagne;72.72;50.5
350000055;Bretagne;;
350000196;Bretagne;80.53;80
350005179;Bretagne;74.28;63.8
350002192;Bretagne;79.67;77.5
350002812;Bretagne;80.35;71.6
350005146;Bretagne;75.44;56
350005179;Bretagne;73.94;55.9
360000046;Centre-Val de Loire;;
360000129;Centre-Val de Loire;75.97;57.4
360000053;Centre-Val de Loire;68.89;27.6
360000061;Centre-Val de Loire;;
360000053;Centre-Val de Loire;;
370000051;Centre-Val de Loire;;
370000085;Centre-Val de Loire;;
370000093;Centre-Val de Loire;72.57;51.9
370000481;Centre-Val de Loire;69.71;58.5
370000606;Centre-Val de Loire;78.74;80
370000564;Centre-Val de Loire;;
370000481;Centre-Val de Loire;72.92;60
370000564;Centre-Val de Loire;72.99;52.1
370000614;Centre-Val de Loire;;
370002701;Centre-Val de Loire;;
370000481;Centre-Val de Loire;73.23;59.2
370007569;Centre-Val de Loire;77.28;63
380780031;Auvergne-Rhône-Alpes;;
380780049;Auvergne-Rhône-Alpes;72.82;51.2
380780056;Auvergne-Rhône-Alpes;72.62;54.4
380780072;Auvergne-Rhône-Alpes;;
380780080;Auvergne-Rhône-Alpes;72.49;55.1
380780171;Auvergne-Rhône-Alpes;;
380780213;Auvergne-Rhône-Alpes;;
380781435;Auvergne-Rhône-Alpes;71.35;52.8
380780080;Auvergne-Rhône-Alpes;71.02;42.3
380012658;Auvergne-Rhône-Alpes;75.56;69.7
380020123;Auvergne-Rhône-Alpes;;
380780197;Auvergne-Rhône-Alpes;75.23;66.2
380780288;Auvergne-Rhône-Alpes;75.55;59.4
380780080;Auvergne-Rhône-Alpes;76.85;63.4
380785956;Auvergne-Rhône-Alpes;75.04;57.2
380786442;Auvergne-Rhône-Alpes;74.44;55.5
390780146;Bourgogne-Franche-Comté;;
390780161;Bourgogne-Franche-Comté;;
390780609;Bourgogne-Franche-Comté;70.85;48.6
390780559;Bourgogne-Franche-Comté;81.07;86.8
390780575;Bourgogne-Franche-Comté;80.1;77.2
390781193;Bourgogne-Franche-Comté;;
400780193;Nouvelle Aquitaine;73.17;52.8
400011177;Nouvelle Aquitaine;71.97;44.2
400015103;Nouvelle Aquitaine;;
400780359;Nouvelle Aquitaine;80.24;67.7
400782769;Nouvelle Aquitaine;;
410000087;Centre-Val de Loire;73.48;46
410000095;Centre-Val de Loire;;
410000103;Centre-Val de Loire;73.75;48.1
410000111;Centre-Val de Loire;;
410000202;Centre-Val de Loire;76.47;63.2
410004998;Centre-Val de Loire;75.38;58.7
420780033;Auvergne-Rhône-Alpes;73.48;46.3
420000192;Auvergne-Rhône-Alpes;;
420013831;Auvergne-Rhône-Alpes;76.52;65.8
420780652;Auvergne-Rhône-Alpes;70.91;56.7
420013831;Auvergne-Rhône-Alpes;;
420010050;Auvergne-Rhône-Alpes;78.01;73.4
420013492;Auvergne-Rhône-Alpes;77.86;66.7
420011413;Auvergne-Rhône-Alpes;72.57;48.8
420780504;Auvergne-Rhône-Alpes;75.39;58
420002495;Auvergne-Rhône-Alpes;71.42;40.6
420782310;Auvergne-Rhône-Alpes;75.54;61.7
420784878;Auvergne-Rhône-Alpes;;
420784878;Auvergne-Rhône-Alpes;72.87;55
430000109;Auvergne-Rhône-Alpes;75.47;50.8
430000018;Auvergne-Rhône-Alpes;72.95;49.6
430000034;Auvergne-Rhône-Alpes;;
430007450;Auvergne-Rhône-Alpes;78.08;57.4
440000057;Pays de la Loire;72.21;44
440000289;Pays de la Loire;71.54;49.8
440053643;Pays de la Loire;74.56;55.6
440000404;Pays de la Loire;75.38;50
440000412;Pays de la Loire;75.88;53.4
440000289;Pays de la Loire;;
440000487;Pays de la Loire;;
440000313;Pays de la Loire;74.08;58
850009010;Pays de la Loire;77.1;73.7
440001113;Pays de la Loire;81.82;86.6
440028538;Pays de la Loire;;
440041531;Pays de la Loire;;
440002020;Pays de la Loire;79.89;74
440000289;Pays de la Loire;72.83;54.7
440029338;Pays de la Loire;74.39;68
440029379;Pays de la Loire;76.2;65.9
440033819;Pays de la Loire;75.66;61.5
440041580;Pays de la Loire;75.6;57.9
440050433;Pays de la Loire;75.59;58
450000096;Centre-Val de Loire;68.7;38.9
450000104;Centre-Val de Loire;70.96;39.4
450000112;Centre-Val de Loire;;
450000153;Centre-Val de Loire;;
450000237;Centre-Val de Loire;;
450000245;Centre-Val de Loire;77.54;69.6
450000161;Centre-Val de Loire;;
450000294;Centre-Val de Loire;73.35;53.5
450000088;Centre-Val de Loire;71.08;50
450010079;Centre-Val de Loire;75.52;59.7
450012968;Centre-Val de Loire;76.51;75.7
460780083;Occitanie;74.12;69.7
460780091;Occitanie;;
460780208;Occitanie;;
460780216;Occitanie;;
470000027;Nouvelle Aquitaine;73.7;50.1
470016171;Nouvelle Aquitaine;70.23;47.1
470000324;Nouvelle Aquitaine;73.04;46.7
470001660;Nouvelle Aquitaine;73.71;50
470016171;Nouvelle Aquitaine;;
470016049;Nouvelle Aquitaine;75.67;67.6
480780097;Occitanie;73.3;53.3
480780097;Occitanie;;
490000031;Pays de la Loire;69.49;38.6
490000155;Pays de la Loire;79.9;76.5
490000262;Pays de la Loire;74.91;68.8
490000676;Pays de la Loire;72.67;46.2
490528452;Pays de la Loire;74.78;62.9
490002037;Pays de la Loire;76.15;58.1
490007929;Pays de la Loire;75.87;67.4
490014909;Pays de la Loire;75.17;63.6
490015906;Pays de la Loire;79.6;71.4
530000025;Pays de la Loire;;
500000054;Normandie;72.3;42.4
500000146;Normandie;73.58;54.9
500000013;Normandie;68.2;39
500000203;Normandie;77.8;74.4
500000054;Normandie;;
500000401;Normandie;;
500000112;Normandie;73.98;51.3
500000013;Normandie;;
500000393;Normandie;78.18;38.7
500002357;Normandie;77.97;67.2
510000037;Grand Est;71.62;42.4
100006279;Grand Est;;
510000185;Grand Est;73.77;53.5
510000060;Grand Est;72.09;52.8
510000243;Grand Est;76.69;62.1
510000078;Grand Est;;
510000516;Grand Est;79.98;78.9
510000029;Grand Est;72.04;54.8
510000029;Grand Est;;
510000029;Grand Est;73.56;59.3
510000029;Grand Est;70.96;49.7
510012040;Grand Est;;
510024979;Grand Est;72.09;53
520780032;Grand Est;69.14;42.6
520780057;Grand Est;70.13;29.4
520780073;Grand Est;71.76;38.7
520004680;Grand Est;68.08;44.4
520004714;Grand Est;;
520780180;Grand Est;76.34;61.5
520780214;Grand Est;;
530000025;Pays de la Loire;75.36;61.9
530007202;Pays de la Loire;;
530000074;Pays de la Loire;73.87;62
530007202;Pays de la Loire;;
530000371;Pays de la Loire;;
530031962;Pays de la Loire;76.55;67.6
540023264;Grand Est;70.02;49.3
540000049;Grand Est;72.7;59.1
540000080;Grand Est;72.16;54.4
540023264;Grand Est;75.56;78.4
540000106;Grand Est;;
540000361;Grand Est;76.27;68.1
540000445;Grand Est;73.76;55.8
540000452;Grand Est;78.4;65
540000478;Grand Est;75.37;67.6
540000486;Grand Est;73.74;51.3
540000767;Grand Est;71.47;49.3
540001096;Grand Est;;
540023264;Grand Est;74.51;60.6
540001286;Grand Est;80.65;78.9
540023264;Grand Est;73.43;56.8
540013224;Grand Est;73.72;56.8
550006795;Grand Est;;
550000046;Grand Est;;
550000178;Grand Est;77.38;58.4
550003354;Grand Est;;
560023210;Bretagne;73.55;54.4
560005746;Bretagne;73.86;50.5
560014748;Bretagne;74.2;49.8
560000184;Bretagne;;
560000044;Bretagne;77.65;69.1
560023210;Bretagne;;
560005746;Bretagne;;
560002933;Bretagne;79.41;78.6
560007510;Bretagne;76.44;60.6
560008799;Bretagne;74.02;55.2
560005746;Bretagne;;
560029068;Bretagne;79.65;77
570025254;Grand Est;68.56;31.3
570000083;Grand Est;77.69;72.6
570015099;Grand Est;74.17;52.1
570000216;Grand Est;74.33;41
570005165;Grand Est;;
570005165;Grand Est;70.38;31.3
570000356;Grand Est;74.56;57.4
570000364;Grand Est;73.9;54.8
570000596;Grand Est;81.28;75
570000646;Grand Est;72.29;49.7
570000158;Grand Est;;
570025254;Grand Est;;
570000158;Grand Est;71.84;53.4
570000950;Grand Est;;
570001057;Grand Est;75.81;68
570001099;Grand Est;82.15;51.6
570003079;Grand Est;;
570026252;Grand Est;79.44;81.8
570005165;Grand Est;73.77;57.2
580780039;Bourgogne-Franche-Comté;;
580780138;Bourgogne-Franche-Comté;75.84;57
580780195;Bourgogne-Franche-Comté;;
580780070;Bourgogne-Franche-Comté;;
580780088;Bourgogne-Franche-Comté;;
580780096;Bourgogne-Franche-Comté;75.08;41.7
580780039;Bourgogne-Franche-Comté;69.91;35.8
590780052;Hauts de France;;
590780227;Hauts de France;73.36;60.2
590000188;Hauts de France;81.76;87.7
590781415;Hauts de France;71.88;44.9
590781605;Hauts de France;73.1;51.1
590781621;Hauts de France;72.35;48.6
590781662;Hauts de France;71.27;50
590781670;Hauts de France;;
590781795;Hauts de France;;
590781803;Hauts de France;71.02;38.1
590782165;Hauts de France;72.3;48.8
590782207;Hauts de France;;
590782215;Hauts de France;74.18;60.4
590782439;Hauts de France;;
590782637;Hauts de France;;
590782652;Hauts de France;;
590783239;Hauts de France;72.25;50.3
590001749;Hauts de France;;
590780193;Hauts de France;69.95;59.2
590006896;Hauts de France;77.18;78.3
590008041;Hauts de France;75.42;59.7
590052056;Hauts de France;75.71;66.1
590780250;Hauts de France;73.7;57.7
590780268;Hauts de France;74.58;54.7
590780284;Hauts de France;72.8;56
590780342;Hauts de France;;
590780383;Hauts de France;76.89;58.1
590781571;Hauts de France;77.03;63.2
590781951;Hauts de France;77.93;71.2
590782298;Hauts de France;75.42;64.6
590782546;Hauts de France;;
590782553;Hauts de France;75.24;64.6
590780193;Hauts de France;;
590785374;Hauts de France;78.52;77.8
590780193;Hauts de France;77.52;76.6
590788964;Hauts de France;;
590790655;Hauts de France;78.71;82.5
590780193;Hauts de France;74.58;63.5
590797353;Hauts de France;73.53;60.3
590782421;Hauts de France;75.03;56.3
590781902;Hauts de France;74.33;54.8
590806360;Hauts de France;;
590780193;Hauts de France;75.65;66.7
590782421;Hauts de France;;
590813176;Hauts de France;84.78;69.6
590813382;Hauts de France;77.31;58.9
590813507;Hauts de France;;
590815056;Hauts de France;75.83;62.7
590816310;Hauts de France;74.02;58.4
590817458;Hauts de France;74.71;56.6
600101984;Hauts de France;70.71;46.5
600100648;Hauts de France;;
600100713;Hauts de France;68.81;38
600100721;Hauts de France;;
600101984;Hauts de France;68.09;31.3
600010862;Hauts de France;75.4;65.4
750712184;Hauts de France;;
600100168;Hauts de France;76.25;73
600100184;Hauts de France;;
600100754;Hauts de France;75.66;67.5
600110175;Hauts de France;;
600100721;Hauts de France;72.7;53.1
610780074;Normandie;74.2;69.7
610780082;Normandie;70.01;36
610780090;Normandie;;
610780124;Normandie;;
610780140;Normandie;;
610780165;Normandie;70.48;36.5
610006421;Normandie;;
610790594;Normandie;80.89;82.6
620000026;Hauts de France;80.35;69.8
620100057;Hauts de France;71.13;50.7
620100651;Hauts de France;72.55;36.1
620100677;Hauts de France;;
620100685;Hauts de France;69.31;37.6
620101337;Hauts de France;74.54;56.6
620101360;Hauts de France;73.89;46.5
620103440;Hauts de France;73.04;55
620103432;Hauts de France;72.18;42.9
620003350;Hauts de France;71.85;40
620003376;Hauts de France;77.16;65.7
620006049;Hauts de France;79.72;72.7
620025346;Hauts de France;71.78;46.2
620100099;Hauts de France;77.44;67.1
620100487;Hauts de France;78.92;71.6
620100735;Hauts de France;75.23;54.7
620100750;Hauts de France;79.58;78
620101311;Hauts de France;76.61;64.9
620101501;Hauts de France;73.85;51.7
620106088;Hauts de France;;
620118513;Hauts de France;75.01;60.7
630780989;Auvergne-Rhône-Alpes;74.38;59.4
630780997;Auvergne-Rhône-Alpes;67.87;37.2
630781003;Auvergne-Rhône-Alpes;73.19;50
630781011;Auvergne-Rhône-Alpes;;
630781029;Auvergne-Rhône-Alpes;72.67;52.1
630000479;Auvergne-Rhône-Alpes;80.08;80.6
630780211;Auvergne-Rhône-Alpes;75.76;56.9
630780369;Auvergne-Rhône-Alpes;80.5;82.4
630780989;Auvergne-Rhône-Alpes;72.15;59.5
630781821;Auvergne-Rhône-Alpes;;
630781839;Auvergne-Rhône-Alpes;76.06;65.9
630780989;Auvergne-Rhône-Alpes;;
640780417;Nouvelle Aquitaine;74.95;64.8
640780813;Nouvelle Aquitaine;;
640780821;Nouvelle Aquitaine;73.93;50
640781290;Nouvelle Aquitaine;75.67;60.5
640016580;Nouvelle Aquitaine;76.08;72.1
640017638;Nouvelle Aquitaine;77.46;85.2
640018206;Nouvelle Aquitaine;77.14;60.7
640780268;Nouvelle Aquitaine;79.09;76.3
640780490;Nouvelle Aquitaine;77.54;60
640780748;Nouvelle Aquitaine;77.42;68.3
640780938;Nouvelle Aquitaine;74.72;57.6
640780946;Nouvelle Aquitaine;75.1;57.1
640781225;Nouvelle Aquitaine;74.95;58.5
640781308;Nouvelle Aquitaine;81.46;65.1
650780158;Occitanie;77.3;66.7
650783160;Occitanie;72.23;45.6
650002579;Occitanie;76.34;59.1
650783160;Occitanie;;
650780679;Occitanie;73.63;57.3
650780174;Occitanie;77.54;71.1
660780180;Occitanie;73.84;56.3
660006305;Occitanie;79.22;76.5
660780628;Occitanie;71.82;50
660780669;Occitanie;71.43;49.3
660780776;Occitanie;75.88;68.2
660780784;Occitanie;72.61;56.3
660790387;Occitanie;76.33;61.2
670780055;Grand Est;73.68;57.6
670000033;Grand Est;76.57;62.6
670780337;Grand Est;74.55;57.9
670780345;Grand Est;73.49;57.8
670000215;Grand Est;;
670780543;Grand Est;74.52;58.6
670017755;Grand Est;;
670017458;Grand Est;73.23;66.7
670018068;Grand Est;78.56;73.2
670780055;Grand Est;73.82;66.9
670780170;Grand Est;78.49;67.6
670780188;Grand Est;74.08;42.9
670780212;Grand Est;72.91;60.2
670780378;Grand Est;;
670780386;Grand Est;74.95;50
670780055;Grand Est;;
670780055;Grand Est;73.73;56
670798636;Grand Est;;
680000320;Grand Est;73.36;61.2
680000494;Grand Est;75.74;64.4
680020336;Grand Est;71.19;51.7
680000411;Grand Est;;
680020336;Grand Est;;
680020336;Grand Est;72.8;53.3
680000973;Grand Est;77.49;54.2
680001005;Grand Est;;
680001179;Grand Est;;
680000882;Grand Est;;
680001195;Grand Est;77.63;78.9
680020336;Grand Est;70.94;47.2
680020088;Grand Est;;
690780036;Auvergne-Rhône-Alpes;75.02;73.3
690780044;Auvergne-Rhône-Alpes;71.61;60
690000427;Auvergne-Rhône-Alpes;79.23;69.5
690782222;Auvergne-Rhône-Alpes;72.63;59.9
690782271;Auvergne-Rhône-Alpes;;
690000880;Auvergne-Rhône-Alpes;80.18;82.3
690781810;Auvergne-Rhône-Alpes;70.64;53.2
690781810;Auvergne-Rhône-Alpes;;
690022959;Auvergne-Rhône-Alpes;71.15;46.9
690023239;Auvergne-Rhône-Alpes;77.41;69.7
690023411;Auvergne-Rhône-Alpes;74.5;54.7
690041124;Auvergne-Rhône-Alpes;74.33;51.7
690041132;Auvergne-Rhône-Alpes;70.77;40.4
690042080;Auvergne-Rhône-Alpes;73.57;59.8
690780093;Auvergne-Rhône-Alpes;;
690780150;Auvergne-Rhône-Alpes;68.51;40
690780259;Auvergne-Rhône-Alpes;77.31;59.4
690780358;Auvergne-Rhône-Alpes;74.67;55.1
690780366;Auvergne-Rhône-Alpes;78.7;73.4
690780390;Auvergne-Rhône-Alpes;73.63;50.8
690780416;Auvergne-Rhône-Alpes;70.52;42.4
690780648;Auvergne-Rhône-Alpes;75.89;54.5
690780655;Auvergne-Rhône-Alpes;71.14;45.4
690780663;Auvergne-Rhône-Alpes;78.05;59.1
690781810;Auvergne-Rhône-Alpes;72.95;50.4
690781810;Auvergne-Rhône-Alpes;73.77;57.2
690781810;Auvergne-Rhône-Alpes;72.54;60.4
690781810;Auvergne-Rhône-Alpes;73.72;58.8
690781810;Auvergne-Rhône-Alpes;74.45;66.2
690781810;Auvergne-Rhône-Alpes;80.62;84.1
690781810;Auvergne-Rhône-Alpes;;
690781810;Auvergne-Rhône-Alpes;;
690791082;Auvergne-Rhône-Alpes;;
690793468;Auvergne-Rhône-Alpes;77.43;75.9
690805361;Auvergne-Rhône-Alpes;75.02;65.7
690807367;Auvergne-Rhône-Alpes;76.11;60.4
700004591;Bourgogne-Franche-Comté;;
700004591;Bourgogne-Franche-Comté;71.72;42.2
700004591;Bourgogne-Franche-Comté;;
700780174;Bourgogne-Franche-Comté;;
700004591;Bourgogne-Franche-Comté;;
710006859;Bourgogne-Franche-Comté;79.22;75.8
710780644;Bourgogne-Franche-Comté;73.56;52
710781451;Bourgogne-Franche-Comté;;
710780917;Bourgogne-Franche-Comté;72.67;40.6
710781410;Bourgogne-Franche-Comté;79.84;88.6
710781824;Bourgogne-Franche-Comté;78.28;76.3
710781592;Bourgogne-Franche-Comté;;
710781568;Bourgogne-Franche-Comté;;
710780958;Bourgogne-Franche-Comté;72.61;53.3
710780263;Bourgogne-Franche-Comté;71.78;43
710976705;Bourgogne-Franche-Comté;71.17;43
710978347;Bourgogne-Franche-Comté;69.04;36.9
720000025;Pays de la Loire;73.15;59.6
720000066;Pays de la Loire;;
720000199;Pays de la Loire;76.54;64.9
720000231;Pays de la Loire;69.31;43.9
720000249;Pays de la Loire;76.98;71.4
610780082;Pays de la Loire;;
720000140;Pays de la Loire;;
720006022;Pays de la Loire;;
720016724;Pays de la Loire;;
720017748;Pays de la Loire;74.67;55.2
730000015;Auvergne-Rhône-Alpes;75.29;63.7
730002839;Auvergne-Rhône-Alpes;;
730780103;Auvergne-Rhône-Alpes;74.18;61.2
730000015;Auvergne-Rhône-Alpes;73.05;43.9
730780525;Auvergne-Rhône-Alpes;71.99;54.1
730002839;Auvergne-Rhône-Alpes;70.77;44.1
730004298;Auvergne-Rhône-Alpes;78.9;69.6
730012499;Auvergne-Rhône-Alpes;;
730000015;Auvergne-Rhône-Alpes;82.87;61.9
740781133;Auvergne-Rhône-Alpes;72.83;53.2
740781208;Auvergne-Rhône-Alpes;;
740781133;Auvergne-Rhône-Alpes;72.66;37.7
740790381;Auvergne-Rhône-Alpes;71.44;44
740014345;Auvergne-Rhône-Alpes;74.57;55.2
740780416;Auvergne-Rhône-Alpes;77.61;63.2
740780424;Auvergne-Rhône-Alpes;74.78;66
740790258;Auvergne-Rhône-Alpes;72.3;45.9
740001839;Auvergne-Rhône-Alpes;;
740001839;Auvergne-Rhône-Alpes;71.66;51.8
750110025;Ile de France;;
750062036;Ile de France;71.88;60.3
750000523;Ile de France;74.28;66.6
750000549;Ile de France;74.45;65.3
750712184;Ile de France;;
750712184;Ile de France;;
750712184;Ile de France;68.96;43.3
750712184;Ile de France;72.11;59.9
750712184;Ile de France;;
750712184;Ile de France;70.83;50.3
750712184;Ile de France;70.1;60.4
750712184;Ile de France;72.61;61
750712184;Ile de France;73.37;66
750712184;Ile de France;72.75;71.1
750712184;Ile de France;69.74;45.5
750712184;Ile de France;71.39;52.4
750712184;Ile de France;;
750150013;Ile de France;71.4;60.8
750150104;Ile de France;75.35;72.9
750150146;Ile de France;;
750006728;Ile de France;76.73;78.6
750150252;Ile de France;;
750006728;Ile de France;73.06;67.9
750160012;Ile de France;77.57;78.5
750300014;Ile de France;;
750300071;Ile de France;75.29;52.3
750300089;Ile de France;78.29;70.2
750300097;Ile de France;;
750300121;Ile de France;80.03;76.7
750300139;Ile de France;71.69;44.1
750300154;Ile de France;74.29;56.1
750300360;Ile de France;67.04;39.5
750300410;Ile de France;;
750300493;Ile de France;82.46;86.2
750300550;Ile de France;;
750300592;Ile de France;75.49;48.8
750300667;Ile de France;78.71;81.5
750300741;Ile de France;;
750300766;Ile de France;;
750300774;Ile de France;79.4;76.6
750300840;Ile de France;70.47;45.6
750300857;Ile de France;;
750300881;Ile de France;72.29;47.4
750300915;Ile de France;74.69;57.6
750300931;Ile de France;73.08;62
750301137;Ile de France;;
750301145;Ile de France;71.67;47.9
750301160;Ile de France;;
750712184;Ile de France;;
750712184;Ile de France;73.82;67.5
750712184;Ile de France;69.81;51.4
760780023;Normandie;73.63;50.2
760780239;Normandie;;
760780239;Normandie;72.26;57.8
760000166;Normandie;77.07;77.2
760780262;Normandie;72.87;67.7
760780726;Normandie;;
760780734;Normandie;74.33;48.9
760780742;Normandie;73.1;54.8
760024042;Normandie;72.28;50
760021329;Normandie;76.61;62.8
760025312;Normandie;73.44;59.9
760027292;Normandie;76.32;62.9
760780205;Normandie;81.44;79.9
760780510;Normandie;80.71;82
760780619;Normandie;77.76;69.2
760780783;Normandie;;
760780791;Normandie;74.54;64.6
760780825;Normandie;;
760783035;Normandie;;
760780239;Normandie;72.96;68.4
760780726;Normandie;70.48;46.4
760921809;Normandie;73.27;54.9
770021145;Ile de France;68.65;36.4
770021152;Ile de France;;
770110054;Ile de France;67.96;38.8
770021152;Ile de France;;
770110070;Ile de France;;
770021152;Ile de France;;
770021145;Ile de France;69.25;38.6
770021145;Ile de France;69.74;45.8
770020477;Ile de France;77.94;68.7
770300010;Ile de France;70.81;35.5
770300135;Ile de France;70.86;48.8
770300143;Ile de France;77.86;65.1
770300192;Ile de France;;
770790707;Ile de France;72.9;52.1
770813400;Ile de France;;
780110011;Ile de France;68.42;35.6
780002697;Ile de France;69.99;46.6
780001236;Ile de France;66.57;31.8
780110052;Ile de France;67.44;43
780001236;Ile de France;;
780130027;Ile de France;;
780018727;Ile de France;70.53;43.3
780022737;Ile de France;;
780300075;Ile de France;71.78;61.3
780300125;Ile de France;71.86;48.5
780300208;Ile de France;73.34;56.6
780300323;Ile de France;70.68;41.3
780300406;Ile de France;70.58;52
780300414;Ile de France;72.02;53.9
780300422;Ile de France;71.75;48.8
780300455;Ile de France;72.78;60
780630026;Ile de France;;
780110078;Ile de France;69.86;50
790000012;Nouvelle Aquitaine;72.24;50.3
790009948;Nouvelle Aquitaine;72.56;51
790006654;Nouvelle Aquitaine;74.94;61.8
800000028;Hauts de France;67.09;25.5
800000036;Hauts de France;;
800000044;Hauts de France;72;47.7
800000051;Hauts de France;;
800000069;Hauts de France;;
800000085;Hauts de France;;
800000093;Hauts de France;;
800000044;Hauts de France;;
800002503;Hauts de France;77.56;76.3
800000044;Hauts de France;73.43;60.3
800009466;Hauts de France;79.39;71.4
800009920;Hauts de France;75.94;58.7
800013179;Hauts de France;;
800015729;Hauts de France;76.28;71.3
810000224;Occitanie;72.65;64
810000448;Occitanie;;
810000331;Occitanie;72.14;53.6
810000380;Occitanie;73.77;52.5
810000455;Occitanie;77.58;77.1
810101170;Occitanie;79.29;69.6
810101444;Occitanie;77.05;53.7
820000016;Occitanie;71.1;46.4
820000040;Occitanie;72.31;56.4
820000057;Occitanie;73.78;46.9
820000065;Occitanie;;
820004950;Occitanie;73.77;63.9
830100517;PACA;72.35;54.9
830100525;PACA;70.57;42.1
830100533;PACA;71.02;50.9
830100566;PACA;68.05;38.9
830100590;PACA;72.31;50.5
830100616;PACA;72.15;52.6
830100103;PACA;77.04;62.3
830100251;PACA;77.49;61.2
830100319;PACA;73.77;64.4
830100327;PACA;;
830100368;PACA;76.12;52.4
830100392;PACA;75.16;62.8
830100418;PACA;79.07;75.9
830100434;PACA;75.86;63.6
830100459;PACA;74.05;54.6
830100475;PACA;80.24;74.5
690781810;PACA;83.4;93.9
830100574;PACA;75.85;79.8
830100616;PACA;;
830200523;PACA;79.68;73.2
840000285;PACA;75.12;64.2
840000327;PACA;77.29;66.1
840000012;PACA;72.81;42.6
840000350;PACA;79.76;73.6
840000046;PACA;72.99;62.4
840000400;PACA;76.02;52.5
840004659;PACA;70.72;37.1
840000467;PACA;76.16;63
840000087;PACA;70.74;44.4
130041916;PACA;73;74.6
840000111;PACA;;
840006597;PACA;70.75;51
840013312;PACA;73.01;60.1
840013445;PACA;80.69;70.9
840017172;PACA;74.86;57
840006597;PACA;;
850000118;Pays de la Loire;75.59;58.7
850000126;Pays de la Loire;75.78;61
850000134;Pays de la Loire;77.28;64.2
850000019;Pays de la Loire;76.31;66.2
850009010;Pays de la Loire;70.93;46
850000019;Pays de la Loire;;
850000019;Pays de la Loire;;
850000084;Pays de la Loire;75.99;55.9
850025867;Pays de la Loire;;
850000035;Pays de la Loire;73.58;50
860013382;Nouvelle Aquitaine;73.84;56.8
860013382;Nouvelle Aquitaine;;
860014208;Nouvelle Aquitaine;;
860014208;Nouvelle Aquitaine;73.69;58.2
860010321;Nouvelle Aquitaine;75.89;64
860780311;Nouvelle Aquitaine;;
860780568;Nouvelle Aquitaine;73.28;61.3
870000015;Nouvelle Aquitaine;74.81;61.4
870000023;Nouvelle Aquitaine;74.57;66.7
870000031;Nouvelle Aquitaine;;
870000288;Nouvelle Aquitaine;74.96;61
870000411;Nouvelle Aquitaine;75.64;65.3
870000015;Nouvelle Aquitaine;71.6;58.1
880007059;Grand Est;70.72;38.4
880780077;Grand Est;72.33;48.8
880007299;Grand Est;74.07;51.4
880780093;Grand Est;72.63;59.3
880007299;Grand Est;;
880788591;Grand Est;75.29;58.2
890000169;Bourgogne-Franche-Comté;76.18;69.6
890002389;Bourgogne-Franche-Comté;75.41;50.5
890000037;Bourgogne-Franche-Comté;72.93;43
890000409;Bourgogne-Franche-Comté;71.98;51.2
890000417;Bourgogne-Franche-Comté;;
890970569;Bourgogne-Franche-Comté;69.16;39.9
890000433;Bourgogne-Franche-Comté;;
900000035;Bourgogne-Franche-Comté;78.15;73.5
900000365;Bourgogne-Franche-Comté;70.77;39
910110014;Ile de France;69.16;43.7
910019447;Ile de France;;
910110055;Ile de France;67.78;34.9
910110055;Ile de France;69.66;44.4
910019447;Ile de France;;
910015965;Ile de France;;
910110055;Ile de France;;
910002773;Ile de France;71.73;53.2
750712184;Ile de France;;
750712184;Ile de France;;
910150028;Ile de France;80.08;85.2
910150069;Ile de France;69.06;42.2
910300011;Ile de France;69.2;47.1
910300029;Ile de France;57.73;12.1
910300060;Ile de France;;
910300144;Ile de France;69.36;44.2
910300177;Ile de France;73.39;53.2
910300219;Ile de France;71.35;56.5
910300300;Ile de France;;
910300326;Ile de France;;
910803543;Ile de France;69.3;40.9
910805357;Ile de France;71.15;45
920000460;Ile de France;78.5;78.5
920110020;Ile de France;;
920026374;Ile de France;70.97;51.5
920009909;Ile de France;73.02;60.9
920009909;Ile de France;;
920000635;Ile de France;;
920000643;Ile de France;71.1;54.1
920000650;Ile de France;73.94;66.6
920000684;Ile de France;70.86;70.6
750712184;Ile de France;71.33;48.9
750712184;Ile de France;70.2;51.6
750712184;Ile de France;70.65;55.1
750712184;Ile de France;69.31;51.2
750712184;Ile de France;72.19;52.4
750712184;Ile de France;;
920120011;Ile de France;76.73;77.3
920300043;Ile de France;69.29;46.4
920300183;Ile de France;;
920300191;Ile de France;75.89;53
920300266;Ile de France;;
920300365;Ile de France;72.44;47.7
920300415;Ile de France;73.23;50.4
920300597;Ile de France;74.79;50.3
920300712;Ile de France;73.53;50
920300753;Ile de France;73.66;63.1
920300761;Ile de France;73.66;51.7
920300787;Ile de France;81.77;74.1
920300837;Ile de France;74.52;38.9
920300936;Ile de France;75.11;59.8
930021480;Ile de France;66.76;34.7
930110036;Ile de France;66.51;43.3
930110051;Ile de France;67.22;35.2
930110069;Ile de France;69.16;38.6
750712184;Ile de France;;
750712184;Ile de France;69.4;42.1
750712184;Ile de France;67.92;31.1
930150032;Ile de France;71.91;59.2
930300025;Ile de France;65.43;27.7
930300066;Ile de France;70.67;39.5
930300082;Ile de France;70.29;36.1
930300116;Ile de France;67.57;40.9
930300264;Ile de France;;
930300298;Ile de France;;
930300553;Ile de France;67.24;36.5
930300587;Ile de France;;
930300595;Ile de France;72.37;39.2
930300645;Ile de France;70.04;64
940110018;Ile de France;71.02;51.2
940110042;Ile de France;;
940000649;Ile de France;70.88;49.2
940000656;Ile de France;77.3;67.7
940000664;Ile de France;77.36;77.7
940006679;Ile de France;67.38;36.1
940016819;Ile de France;70.43;56
750712184;Ile de France;70.91;54.2
750712184;Ile de France;67.04;44.7
750712184;Ile de France;71.06;50.6
750712184;Ile de France;;
750712184;Ile de France;70.75;59.9
940120017;Ile de France;77.46;71.3
940300031;Ile de France;71.68;45.2
940300163;Ile de France;;
940300270;Ile de France;69.95;42.7
940300379;Ile de France;71.08;46.6
940300445;Ile de France;;
940300452;Ile de France;73.89;56.9
940300494;Ile de France;72.02;43.3
940300551;Ile de France;68.27;42.3
940300569;Ile de France;66.18;17.5
940813033;Ile de France;74.29;63
950110015;Ile de France;70.99;47
950001370;Ile de France;70.56;58.2
950013870;Ile de France;68.59;51.8
950110049;Ile de France;;
950110080;Ile de France;68.3;39.1
950300095;Ile de France;76.93;67.6
950300152;Ile de France;;
950300202;Ile de France;73.97;59.3
950300244;Ile de France;73.92;49.3
950300277;Ile de France;70.55;40.2
950807982;Ile de France;72.25;54.2
970100012;Guadeloupe;72.06;58.2
970100020;Guadeloupe;;
970100137;Guadeloupe;;
970100178;Guadeloupe;62.25;23.2
970100186;Guadeloupe;;
970100228;Guadeloupe;;
970102596;Guadeloupe;76.63;75.8
970107249;Guadeloupe;;
970202156;Martinique;;
970202313;Martinique;75.9;72.5
970211207;Martinique;66.07;30.9
970211207;Martinique;65.09;43.6
970211207;Martinique;69.7;55.8
970211207;Martinique;;
970211207;Martinique;66.86;37.5
970302022;Guyane;63.35;22
970302121;Guyane;;
970302055;Guyane;;
970305629;Guyane;70.13;59.5
970408589;Océan Indien;64.88;35.5
970408589;Océan Indien;65.96;35.2
970421038;Océan Indien;71.91;58
970403606;Océan Indien;;
970408589;Océan Indien;;
970408589;Océan Indien;;
970404109;Océan Indien;;
970404844;Océan Indien;;
970462024;Océan Indien;69.76;45.9
970462073;Océan Indien;74.39;65.8
970462081;Océan Indien;74.63;72.7
970462107;Océan Indien;68.52;49.8
980500003;Océan Indien;;
